평일,2호선,내선,당산,29
평일,2호선,외선,당산,26
평일,2호선,내선,당산,35
평일,2호선,외선,당산,38
평일,2호선,내선,당산,75
평일,2호선,외선,당산,66
평일,2호선,내선,당산,130
평일,2호선,외선,당산,79
평일,2호선,내선,당산,78
평일,2호선,외선,당산,32
평일,2호선,내선,당산,62
평일,2호선,외선,당산,32
평일,2호선,내선,당산,60
평일,2호선,외선,당산,35
평일,2호선,내선,당산,61
평일,2호선,외선,당산,37
평일,2호선,내선,당산,61
평일,2호선,외선,당산,45
평일,2호선,내선,당산,53
평일,2호선,외선,당산,43
평일,2호선,내선,당산,47
평일,2호선,외선,당산,47
평일,2호선,내선,당산,52
평일,2호선,외선,당산,56
평일,2호선,내선,당산,55
평일,2호선,외선,당산,69
평일,2호선,내선,당산,77
평일,2호선,외선,당산,104
평일,2호선,내선,당산,60
평일,2호선,외선,당산,75
평일,2호선,내선,당산,36
평일,2호선,외선,당산,68
평일,2호선,내선,당산,43
평일,2호선,외선,당산,80
평일,2호선,내선,당산,42
평일,2호선,외선,당산,100
평일,2호선,내선,당산,35
평일,2호선,외선,당산,64
평일,2호선,내선,당산,15
평일,2호선,외선,당산,24
토요일,2호선,내선,당산,20
토요일,2호선,외선,당산,36
토요일,2호선,내선,당산,25
토요일,2호선,외선,당산,28
토요일,2호선,내선,당산,27
토요일,2호선,외선,당산,23
토요일,2호선,내선,당산,47
토요일,2호선,외선,당산,28
토요일,2호선,내선,당산,53
토요일,2호선,외선,당산,32
토요일,2호선,내선,당산,63
토요일,2호선,외선,당산,41
토요일,2호선,내선,당산,67
토요일,2호선,외선,당산,48
토요일,2호선,내선,당산,79
토요일,2호선,외선,당산,56
토요일,2호선,내선,당산,92
토요일,2호선,외선,당산,57
토요일,2호선,내선,당산,78
토요일,2호선,외선,당산,64
토요일,2호선,내선,당산,66
토요일,2호선,외선,당산,69
토요일,2호선,내선,당산,73
토요일,2호선,외선,당산,61
토요일,2호선,내선,당산,73
토요일,2호선,외선,당산,73
토요일,2호선,내선,당산,63
토요일,2호선,외선,당산,66
토요일,2호선,내선,당산,50
토요일,2호선,외선,당산,55
토요일,2호선,내선,당산,42
토요일,2호선,외선,당산,67
토요일,2호선,내선,당산,42
토요일,2호선,외선,당산,71
토요일,2호선,내선,당산,50
토요일,2호선,외선,당산,88
토요일,2호선,내선,당산,44
토요일,2호선,외선,당산,103
토요일,2호선,내선,당산,0
토요일,2호선,외선,당산,0
일요일,2호선,내선,당산,12
일요일,2호선,외선,당산,41
일요일,2호선,내선,당산,14
일요일,2호선,외선,당산,26
일요일,2호선,내선,당산,23
일요일,2호선,외선,당산,15
일요일,2호선,내선,당산,42
일요일,2호선,외선,당산,21
일요일,2호선,내선,당산,45
일요일,2호선,외선,당산,33
일요일,2호선,내선,당산,54
일요일,2호선,외선,당산,37
일요일,2호선,내선,당산,57
일요일,2호선,외선,당산,38
일요일,2호선,내선,당산,65
일요일,2호선,외선,당산,44
일요일,2호선,내선,당산,75
일요일,2호선,외선,당산,47
일요일,2호선,내선,당산,68
일요일,2호선,외선,당산,45
일요일,2호선,내선,당산,65
일요일,2호선,외선,당산,52
일요일,2호선,내선,당산,59
일요일,2호선,외선,당산,58
일요일,2호선,내선,당산,62
일요일,2호선,외선,당산,65
일요일,2호선,내선,당산,53
일요일,2호선,외선,당산,63
일요일,2호선,내선,당산,41
일요일,2호선,외선,당산,56
일요일,2호선,내선,당산,32
일요일,2호선,외선,당산,49
일요일,2호선,내선,당산,30
일요일,2호선,외선,당산,57
일요일,2호선,내선,당산,31
일요일,2호선,외선,당산,54
일요일,2호선,내선,당산,30
일요일,2호선,외선,당산,42
일요일,2호선,내선,당산,0
일요일,2호선,외선,당산,0
