평일,2호선,내선,문래,24
평일,2호선,외선,문래,37
평일,2호선,내선,문래,37
평일,2호선,외선,문래,50
평일,2호선,내선,문래,70
평일,2호선,외선,문래,85
평일,2호선,내선,문래,126
평일,2호선,외선,문래,98
평일,2호선,내선,문래,75
평일,2호선,외선,문래,40
평일,2호선,내선,문래,60
평일,2호선,외선,문래,35
평일,2호선,내선,문래,58
평일,2호선,외선,문래,41
평일,2호선,내선,문래,56
평일,2호선,외선,문래,42
평일,2호선,내선,문래,61
평일,2호선,외선,문래,50
평일,2호선,내선,문래,54
평일,2호선,외선,문래,47
평일,2호선,내선,문래,50
평일,2호선,외선,문래,50
평일,2호선,내선,문래,55
평일,2호선,외선,문래,59
평일,2호선,내선,문래,59
평일,2호선,외선,문래,75
평일,2호선,내선,문래,79
평일,2호선,외선,문래,112
평일,2호선,내선,문래,65
평일,2호선,외선,문래,76
평일,2호선,내선,문래,43
평일,2호선,외선,문래,66
평일,2호선,내선,문래,54
평일,2호선,외선,문래,79
평일,2호선,내선,문래,52
평일,2호선,외선,문래,93
평일,2호선,내선,문래,44
평일,2호선,외선,문래,61
평일,2호선,내선,문래,20
평일,2호선,외선,문래,24
토요일,2호선,내선,문래,18
토요일,2호선,외선,문래,42
토요일,2호선,내선,문래,26
토요일,2호선,외선,문래,33
토요일,2호선,내선,문래,27
토요일,2호선,외선,문래,26
토요일,2호선,내선,문래,46
토요일,2호선,외선,문래,35
토요일,2호선,내선,문래,53
토요일,2호선,외선,문래,39
토요일,2호선,내선,문래,56
토요일,2호선,외선,문래,49
토요일,2호선,내선,문래,63
토요일,2호선,외선,문래,56
토요일,2호선,내선,문래,75
토요일,2호선,외선,문래,63
토요일,2호선,내선,문래,77
토요일,2호선,외선,문래,64
토요일,2호선,내선,문래,76
토요일,2호선,외선,문래,70
토요일,2호선,내선,문래,67
토요일,2호선,외선,문래,72
토요일,2호선,내선,문래,70
토요일,2호선,외선,문래,65
토요일,2호선,내선,문래,70
토요일,2호선,외선,문래,76
토요일,2호선,내선,문래,65
토요일,2호선,외선,문래,65
토요일,2호선,내선,문래,49
토요일,2호선,외선,문래,54
토요일,2호선,내선,문래,49
토요일,2호선,외선,문래,66
토요일,2호선,내선,문래,46
토요일,2호선,외선,문래,69
토요일,2호선,내선,문래,58
토요일,2호선,외선,문래,86
토요일,2호선,내선,문래,56
토요일,2호선,외선,문래,91
토요일,2호선,내선,문래,0
토요일,2호선,외선,문래,0
일요일,2호선,내선,문래,11
일요일,2호선,외선,문래,44
일요일,2호선,내선,문래,16
일요일,2호선,외선,문래,31
일요일,2호선,내선,문래,20
일요일,2호선,외선,문래,18
일요일,2호선,내선,문래,38
일요일,2호선,외선,문래,27
일요일,2호선,내선,문래,42
일요일,2호선,외선,문래,41
일요일,2호선,내선,문래,49
일요일,2호선,외선,문래,43
일요일,2호선,내선,문래,51
일요일,2호선,외선,문래,45
일요일,2호선,내선,문래,63
일요일,2호선,외선,문래,49
일요일,2호선,내선,문래,65
일요일,2호선,외선,문래,51
일요일,2호선,내선,문래,65
일요일,2호선,외선,문래,50
일요일,2호선,내선,문래,62
일요일,2호선,외선,문래,53
일요일,2호선,내선,문래,56
일요일,2호선,외선,문래,59
일요일,2호선,내선,문래,65
일요일,2호선,외선,문래,66
일요일,2호선,내선,문래,55
일요일,2호선,외선,문래,61
일요일,2호선,내선,문래,45
일요일,2호선,외선,문래,55
일요일,2호선,내선,문래,35
일요일,2호선,외선,문래,48
일요일,2호선,내선,문래,36
일요일,2호선,외선,문래,56
일요일,2호선,내선,문래,40
일요일,2호선,외선,문래,54
일요일,2호선,내선,문래,33
일요일,2호선,외선,문래,39
일요일,2호선,내선,문래,0
일요일,2호선,외선,문래,0
