평일,2호선,내선,신대방,52
평일,2호선,외선,신대방,53
평일,2호선,내선,신대방,33
평일,2호선,외선,신대방,45
평일,2호선,내선,신대방,58
평일,2호선,외선,신대방,85
평일,2호선,내선,신대방,93
평일,2호선,외선,신대방,111
평일,2호선,내선,신대방,49
평일,2호선,외선,신대방,69
평일,2호선,내선,신대방,34
평일,2호선,외선,신대방,60
평일,2호선,내선,신대방,37
평일,2호선,외선,신대방,51
평일,2호선,내선,신대방,49
평일,2호선,외선,신대방,50
평일,2호선,내선,신대방,53
평일,2호선,외선,신대방,54
평일,2호선,내선,신대방,56
평일,2호선,외선,신대방,44
평일,2호선,내선,신대방,62
평일,2호선,외선,신대방,46
평일,2호선,내선,신대방,71
평일,2호선,외선,신대방,47
평일,2호선,내선,신대방,90
평일,2호선,외선,신대방,48
평일,2호선,내선,신대방,97
평일,2호선,외선,신대방,77
평일,2호선,내선,신대방,76
평일,2호선,외선,신대방,71
평일,2호선,내선,신대방,55
평일,2호선,외선,신대방,50
평일,2호선,내선,신대방,68
평일,2호선,외선,신대방,63
평일,2호선,내선,신대방,85
평일,2호선,외선,신대방,61
평일,2호선,내선,신대방,47
평일,2호선,외선,신대방,54
평일,2호선,내선,신대방,19
평일,2호선,외선,신대방,33
토요일,2호선,내선,신대방,41
토요일,2호선,외선,신대방,37
토요일,2호선,내선,신대방,23
토요일,2호선,외선,신대방,38
토요일,2호선,내선,신대방,20
토요일,2호선,외선,신대방,33
토요일,2호선,내선,신대방,35
토요일,2호선,외선,신대방,55
토요일,2호선,내선,신대방,33
토요일,2호선,외선,신대방,69
토요일,2호선,내선,신대방,42
토요일,2호선,외선,신대방,60
토요일,2호선,내선,신대방,52
토요일,2호선,외선,신대방,72
토요일,2호선,내선,신대방,63
토요일,2호선,외선,신대방,66
토요일,2호선,내선,신대방,75
토요일,2호선,외선,신대방,72
토요일,2호선,내선,신대방,71
토요일,2호선,외선,신대방,72
토요일,2호선,내선,신대방,69
토요일,2호선,외선,신대방,63
토요일,2호선,내선,신대방,75
토요일,2호선,외선,신대방,57
토요일,2호선,내선,신대방,75
토요일,2호선,외선,신대방,61
토요일,2호선,내선,신대방,74
토요일,2호선,외선,신대방,54
토요일,2호선,내선,신대방,52
토요일,2호선,외선,신대방,46
토요일,2호선,내선,신대방,49
토요일,2호선,외선,신대방,46
토요일,2호선,내선,신대방,66
토요일,2호선,외선,신대방,47
토요일,2호선,내선,신대방,70
토요일,2호선,외선,신대방,76
토요일,2호선,내선,신대방,59
토요일,2호선,외선,신대방,79
토요일,2호선,내선,신대방,0
토요일,2호선,외선,신대방,0
일요일,2호선,내선,신대방,27
일요일,2호선,외선,신대방,23
일요일,2호선,내선,신대방,21
일요일,2호선,외선,신대방,24
일요일,2호선,내선,신대방,15
일요일,2호선,외선,신대방,26
일요일,2호선,내선,신대방,25
일요일,2호선,외선,신대방,44
일요일,2호선,내선,신대방,32
일요일,2호선,외선,신대방,59
일요일,2호선,내선,신대방,41
일요일,2호선,외선,신대방,54
일요일,2호선,내선,신대방,40
일요일,2호선,외선,신대방,57
일요일,2호선,내선,신대방,51
일요일,2호선,외선,신대방,55
일요일,2호선,내선,신대방,57
일요일,2호선,외선,신대방,59
일요일,2호선,내선,신대방,61
일요일,2호선,외선,신대방,54
일요일,2호선,내선,신대방,59
일요일,2호선,외선,신대방,51
일요일,2호선,내선,신대방,65
일요일,2호선,외선,신대방,48
일요일,2호선,내선,신대방,63
일요일,2호선,외선,신대방,57
일요일,2호선,내선,신대방,65
일요일,2호선,외선,신대방,46
일요일,2호선,내선,신대방,49
일요일,2호선,외선,신대방,42
일요일,2호선,내선,신대방,43
일요일,2호선,외선,신대방,39
일요일,2호선,내선,신대방,46
일요일,2호선,외선,신대방,39
일요일,2호선,내선,신대방,48
일요일,2호선,외선,신대방,36
일요일,2호선,내선,신대방,32
일요일,2호선,외선,신대방,48
일요일,2호선,내선,신대방,0
일요일,2호선,외선,신대방,0
