평일,2호선,내선,신당,18
평일,2호선,외선,신당,17
평일,2호선,내선,신당,25
평일,2호선,외선,신당,21
평일,2호선,내선,신당,37
평일,2호선,외선,신당,63
평일,2호선,내선,신당,71
평일,2호선,외선,신당,79
평일,2호선,내선,신당,37
평일,2호선,외선,신당,47
평일,2호선,내선,신당,30
평일,2호선,외선,신당,37
평일,2호선,내선,신당,36
평일,2호선,외선,신당,45
평일,2호선,내선,신당,40
평일,2호선,외선,신당,40
평일,2호선,내선,신당,44
평일,2호선,외선,신당,41
평일,2호선,내선,신당,45
평일,2호선,외선,신당,41
평일,2호선,내선,신당,48
평일,2호선,외선,신당,41
평일,2호선,내선,신당,50
평일,2호선,외선,신당,37
평일,2호선,내선,신당,57
평일,2호선,외선,신당,44
평일,2호선,내선,신당,68
평일,2호선,외선,신당,63
평일,2호선,내선,신당,52
평일,2호선,외선,신당,46
평일,2호선,내선,신당,33
평일,2호선,외선,신당,43
평일,2호선,내선,신당,44
평일,2호선,외선,신당,39
평일,2호선,내선,신당,48
평일,2호선,외선,신당,47
평일,2호선,내선,신당,41
평일,2호선,외선,신당,25
평일,2호선,내선,신당,14
평일,2호선,외선,신당,12
토요일,2호선,내선,신당,22
토요일,2호선,외선,신당,17
토요일,2호선,내선,신당,20
토요일,2호선,외선,신당,14
토요일,2호선,내선,신당,20
토요일,2호선,외선,신당,19
토요일,2호선,내선,신당,35
토요일,2호선,외선,신당,31
토요일,2호선,내선,신당,30
토요일,2호선,외선,신당,37
토요일,2호선,내선,신당,33
토요일,2호선,외선,신당,44
토요일,2호선,내선,신당,49
토요일,2호선,외선,신당,64
토요일,2호선,내선,신당,57
토요일,2호선,외선,신당,64
토요일,2호선,내선,신당,54
토요일,2호선,외선,신당,63
토요일,2호선,내선,신당,52
토요일,2호선,외선,신당,68
토요일,2호선,내선,신당,64
토요일,2호선,외선,신당,66
토요일,2호선,내선,신당,58
토요일,2호선,외선,신당,45
토요일,2호선,내선,신당,58
토요일,2호선,외선,신당,57
토요일,2호선,내선,신당,50
토요일,2호선,외선,신당,56
토요일,2호선,내선,신당,40
토요일,2호선,외선,신당,41
토요일,2호선,내선,신당,43
토요일,2호선,외선,신당,37
토요일,2호선,내선,신당,45
토요일,2호선,외선,신당,35
토요일,2호선,내선,신당,53
토요일,2호선,외선,신당,36
토요일,2호선,내선,신당,48
토요일,2호선,외선,신당,40
토요일,2호선,내선,신당,0
토요일,2호선,외선,신당,0
일요일,2호선,내선,신당,14
일요일,2호선,외선,신당,11
일요일,2호선,내선,신당,13
일요일,2호선,외선,신당,10
일요일,2호선,내선,신당,13
일요일,2호선,외선,신당,10
일요일,2호선,내선,신당,33
일요일,2호선,외선,신당,24
일요일,2호선,내선,신당,27
일요일,2호선,외선,신당,32
일요일,2호선,내선,신당,25
일요일,2호선,외선,신당,33
일요일,2호선,내선,신당,36
일요일,2호선,외선,신당,57
일요일,2호선,내선,신당,39
일요일,2호선,외선,신당,52
일요일,2호선,내선,신당,48
일요일,2호선,외선,신당,52
일요일,2호선,내선,신당,53
일요일,2호선,외선,신당,48
일요일,2호선,내선,신당,51
일요일,2호선,외선,신당,58
일요일,2호선,내선,신당,50
일요일,2호선,외선,신당,40
일요일,2호선,내선,신당,53
일요일,2호선,외선,신당,44
일요일,2호선,내선,신당,50
일요일,2호선,외선,신당,51
일요일,2호선,내선,신당,39
일요일,2호선,외선,신당,32
일요일,2호선,내선,신당,35
일요일,2호선,외선,신당,28
일요일,2호선,내선,신당,34
일요일,2호선,외선,신당,27
일요일,2호선,내선,신당,31
일요일,2호선,외선,신당,25
일요일,2호선,내선,신당,31
일요일,2호선,외선,신당,24
일요일,2호선,내선,신당,0
일요일,2호선,외선,신당,0
