평일,2호선,내선,을지4가,13
평일,2호선,외선,을지4가,14
평일,2호선,내선,을지4가,16
평일,2호선,외선,을지4가,21
평일,2호선,내선,을지4가,25
평일,2호선,외선,을지4가,54
평일,2호선,내선,을지4가,49
평일,2호선,외선,을지4가,73
평일,2호선,내선,을지4가,27
평일,2호선,외선,을지4가,40
평일,2호선,내선,을지4가,26
평일,2호선,외선,을지4가,32
평일,2호선,내선,을지4가,31
평일,2호선,외선,을지4가,38
평일,2호선,내선,을지4가,31
평일,2호선,외선,을지4가,33
평일,2호선,내선,을지4가,39
평일,2호선,외선,을지4가,35
평일,2호선,내선,을지4가,38
평일,2호선,외선,을지4가,34
평일,2호선,내선,을지4가,41
평일,2호선,외선,을지4가,35
평일,2호선,내선,을지4가,43
평일,2호선,외선,을지4가,34
평일,2호선,내선,을지4가,47
평일,2호선,외선,을지4가,40
평일,2호선,내선,을지4가,69
평일,2호선,외선,을지4가,59
평일,2호선,내선,을지4가,50
평일,2호선,외선,을지4가,39
평일,2호선,내선,을지4가,35
평일,2호선,외선,을지4가,35
평일,2호선,내선,을지4가,48
평일,2호선,외선,을지4가,33
평일,2호선,내선,을지4가,50
평일,2호선,외선,을지4가,40
평일,2호선,내선,을지4가,42
평일,2호선,외선,을지4가,24
평일,2호선,내선,을지4가,12
평일,2호선,외선,을지4가,13
토요일,2호선,내선,을지4가,16
토요일,2호선,외선,을지4가,14
토요일,2호선,내선,을지4가,15
토요일,2호선,외선,을지4가,14
토요일,2호선,내선,을지4가,15
토요일,2호선,외선,을지4가,15
토요일,2호선,내선,을지4가,25
토요일,2호선,외선,을지4가,25
토요일,2호선,내선,을지4가,22
토요일,2호선,외선,을지4가,31
토요일,2호선,내선,을지4가,28
토요일,2호선,외선,을지4가,37
토요일,2호선,내선,을지4가,33
토요일,2호선,외선,을지4가,46
토요일,2호선,내선,을지4가,42
토요일,2호선,외선,을지4가,57
토요일,2호선,내선,을지4가,46
토요일,2호선,외선,을지4가,52
토요일,2호선,내선,을지4가,46
토요일,2호선,외선,을지4가,59
토요일,2호선,내선,을지4가,46
토요일,2호선,외선,을지4가,58
토요일,2호선,내선,을지4가,52
토요일,2호선,외선,을지4가,45
토요일,2호선,내선,을지4가,52
토요일,2호선,외선,을지4가,55
토요일,2호선,내선,을지4가,47
토요일,2호선,외선,을지4가,52
토요일,2호선,내선,을지4가,36
토요일,2호선,외선,을지4가,40
토요일,2호선,내선,을지4가,43
토요일,2호선,외선,을지4가,37
토요일,2호선,내선,을지4가,47
토요일,2호선,외선,을지4가,33
토요일,2호선,내선,을지4가,57
토요일,2호선,외선,을지4가,33
토요일,2호선,내선,을지4가,53
토요일,2호선,외선,을지4가,37
토요일,2호선,내선,을지4가,0
토요일,2호선,외선,을지4가,0
일요일,2호선,내선,을지4가,15
일요일,2호선,외선,을지4가,7
일요일,2호선,내선,을지4가,10
일요일,2호선,외선,을지4가,9
일요일,2호선,내선,을지4가,11
일요일,2호선,외선,을지4가,9
일요일,2호선,내선,을지4가,27
일요일,2호선,외선,을지4가,19
일요일,2호선,내선,을지4가,21
일요일,2호선,외선,을지4가,30
일요일,2호선,내선,을지4가,21
일요일,2호선,외선,을지4가,29
일요일,2호선,내선,을지4가,30
일요일,2호선,외선,을지4가,41
일요일,2호선,내선,을지4가,34
일요일,2호선,외선,을지4가,45
일요일,2호선,내선,을지4가,34
일요일,2호선,외선,을지4가,46
일요일,2호선,내선,을지4가,38
일요일,2호선,외선,을지4가,42
일요일,2호선,내선,을지4가,39
일요일,2호선,외선,을지4가,49
일요일,2호선,내선,을지4가,42
일요일,2호선,외선,을지4가,38
일요일,2호선,내선,을지4가,41
일요일,2호선,외선,을지4가,44
일요일,2호선,내선,을지4가,43
일요일,2호선,외선,을지4가,41
일요일,2호선,내선,을지4가,37
일요일,2호선,외선,을지4가,28
일요일,2호선,내선,을지4가,37
일요일,2호선,외선,을지4가,23
일요일,2호선,내선,을지4가,36
일요일,2호선,외선,을지4가,22
일요일,2호선,내선,을지4가,32
일요일,2호선,외선,을지4가,21
일요일,2호선,내선,을지4가,34
일요일,2호선,외선,을지4가,20
일요일,2호선,내선,을지4가,0
일요일,2호선,외선,을지4가,0
