평일,2호선,내선,잠실나루,19
평일,2호선,외선,잠실나루,18
평일,2호선,내선,잠실나루,22
평일,2호선,외선,잠실나루,17
평일,2호선,내선,잠실나루,41
평일,2호선,외선,잠실나루,37
평일,2호선,내선,잠실나루,81
평일,2호선,외선,잠실나루,41
평일,2호선,내선,잠실나루,51
평일,2호선,외선,잠실나루,25
평일,2호선,내선,잠실나루,31
평일,2호선,외선,잠실나루,23
평일,2호선,내선,잠실나루,35
평일,2호선,외선,잠실나루,29
평일,2호선,내선,잠실나루,37
평일,2호선,외선,잠실나루,32
평일,2호선,내선,잠실나루,39
평일,2호선,외선,잠실나루,34
평일,2호선,내선,잠실나루,35
평일,2호선,외선,잠실나루,34
평일,2호선,내선,잠실나루,43
평일,2호선,외선,잠실나루,39
평일,2호선,내선,잠실나루,41
평일,2호선,외선,잠실나루,42
평일,2호선,내선,잠실나루,37
평일,2호선,외선,잠실나루,48
평일,2호선,내선,잠실나루,44
평일,2호선,외선,잠실나루,64
평일,2호선,내선,잠실나루,33
평일,2호선,외선,잠실나루,54
평일,2호선,내선,잠실나루,26
평일,2호선,외선,잠실나루,43
평일,2호선,내선,잠실나루,32
평일,2호선,외선,잠실나루,50
평일,2호선,내선,잠실나루,34
평일,2호선,외선,잠실나루,55
평일,2호선,내선,잠실나루,23
평일,2호선,외선,잠실나루,31
평일,2호선,내선,잠실나루,17
평일,2호선,외선,잠실나루,12
토요일,2호선,내선,잠실나루,15
토요일,2호선,외선,잠실나루,24
토요일,2호선,내선,잠실나루,17
토요일,2호선,외선,잠실나루,16
토요일,2호선,내선,잠실나루,16
토요일,2호선,외선,잠실나루,17
토요일,2호선,내선,잠실나루,26
토요일,2호선,외선,잠실나루,29
토요일,2호선,내선,잠실나루,41
토요일,2호선,외선,잠실나루,21
토요일,2호선,내선,잠실나루,42
토요일,2호선,외선,잠실나루,29
토요일,2호선,내선,잠실나루,52
토요일,2호선,외선,잠실나루,31
토요일,2호선,내선,잠실나루,56
토요일,2호선,외선,잠실나루,42
토요일,2호선,내선,잠실나루,51
토요일,2호선,외선,잠실나루,50
토요일,2호선,내선,잠실나루,47
토요일,2호선,외선,잠실나루,49
토요일,2호선,내선,잠실나루,46
토요일,2호선,외선,잠실나루,56
토요일,2호선,내선,잠실나루,43
토요일,2호선,외선,잠실나루,54
토요일,2호선,내선,잠실나루,42
토요일,2호선,외선,잠실나루,50
토요일,2호선,내선,잠실나루,40
토요일,2호선,외선,잠실나루,49
토요일,2호선,내선,잠실나루,29
토요일,2호선,외선,잠실나루,42
토요일,2호선,내선,잠실나루,30
토요일,2호선,외선,잠실나루,38
토요일,2호선,내선,잠실나루,32
토요일,2호선,외선,잠실나루,44
토요일,2호선,내선,잠실나루,34
토요일,2호선,외선,잠실나루,42
토요일,2호선,내선,잠실나루,54
토요일,2호선,외선,잠실나루,34
토요일,2호선,내선,잠실나루,0
토요일,2호선,외선,잠실나루,0
일요일,2호선,내선,잠실나루,10
일요일,2호선,외선,잠실나루,13
일요일,2호선,내선,잠실나루,10
일요일,2호선,외선,잠실나루,10
일요일,2호선,내선,잠실나루,11
일요일,2호선,외선,잠실나루,12
일요일,2호선,내선,잠실나루,24
일요일,2호선,외선,잠실나루,22
일요일,2호선,내선,잠실나루,34
일요일,2호선,외선,잠실나루,20
일요일,2호선,내선,잠실나루,31
일요일,2호선,외선,잠실나루,20
일요일,2호선,내선,잠실나루,40
일요일,2호선,외선,잠실나루,30
일요일,2호선,내선,잠실나루,38
일요일,2호선,외선,잠실나루,37
일요일,2호선,내선,잠실나루,40
일요일,2호선,외선,잠실나루,39
일요일,2호선,내선,잠실나루,37
일요일,2호선,외선,잠실나루,40
일요일,2호선,내선,잠실나루,39
일요일,2호선,외선,잠실나루,44
일요일,2호선,내선,잠실나루,33
일요일,2호선,외선,잠실나루,46
일요일,2호선,내선,잠실나루,39
일요일,2호선,외선,잠실나루,42
일요일,2호선,내선,잠실나루,42
일요일,2호선,외선,잠실나루,40
일요일,2호선,내선,잠실나루,29
일요일,2호선,외선,잠실나루,36
일요일,2호선,내선,잠실나루,26
일요일,2호선,외선,잠실나루,33
일요일,2호선,내선,잠실나루,24
일요일,2호선,외선,잠실나루,31
일요일,2호선,내선,잠실나루,27
일요일,2호선,외선,잠실나루,28
일요일,2호선,내선,잠실나루,30
일요일,2호선,외선,잠실나루,19
일요일,2호선,내선,잠실나루,0
일요일,2호선,외선,잠실나루,0
