평일,2호선,내선,신도림,24
평일,2호선,외선,신도림,29
평일,2호선,내선,신도림,36
평일,2호선,외선,신도림,32
평일,2호선,내선,신도림,74
평일,2호선,외선,신도림,69
평일,2호선,내선,신도림,132
평일,2호선,외선,신도림,102
평일,2호선,내선,신도림,74
평일,2호선,외선,신도림,60
평일,2호선,내선,신도림,63
평일,2호선,외선,신도림,56
평일,2호선,내선,신도림,58
평일,2호선,외선,신도림,48
평일,2호선,내선,신도림,57
평일,2호선,외선,신도림,46
평일,2호선,내선,신도림,62
평일,2호선,외선,신도림,52
평일,2호선,내선,신도림,55
평일,2호선,외선,신도림,47
평일,2호선,내선,신도림,51
평일,2호선,외선,신도림,51
평일,2호선,내선,신도림,52
평일,2호선,외선,신도림,55
평일,2호선,내선,신도림,58
평일,2호선,외선,신도림,61
평일,2호선,내선,신도림,78
평일,2호선,외선,신도림,91
평일,2호선,내선,신도림,64
평일,2호선,외선,신도림,77
평일,2호선,내선,신도림,45
평일,2호선,외선,신도림,62
평일,2호선,내선,신도림,53
평일,2호선,외선,신도림,85
평일,2호선,내선,신도림,53
평일,2호선,외선,신도림,79
평일,2호선,내선,신도림,45
평일,2호선,외선,신도림,71
평일,2호선,내선,신도림,22
평일,2호선,외선,신도림,46
토요일,2호선,내선,신도림,18
토요일,2호선,외선,신도림,25
토요일,2호선,내선,신도림,26
토요일,2호선,외선,신도림,24
토요일,2호선,내선,신도림,27
토요일,2호선,외선,신도림,27
토요일,2호선,내선,신도림,46
토요일,2호선,외선,신도림,40
토요일,2호선,내선,신도림,53
토요일,2호선,외선,신도림,53
토요일,2호선,내선,신도림,59
토요일,2호선,외선,신도림,48
토요일,2호선,내선,신도림,63
토요일,2호선,외선,신도림,65
토요일,2호선,내선,신도림,76
토요일,2호선,외선,신도림,63
토요일,2호선,내선,신도림,78
토요일,2호선,외선,신도림,66
토요일,2호선,내선,신도림,75
토요일,2호선,외선,신도림,72
토요일,2호선,내선,신도림,66
토요일,2호선,외선,신도림,70
토요일,2호선,내선,신도림,71
토요일,2호선,외선,신도림,64
토요일,2호선,내선,신도림,70
토요일,2호선,외선,신도림,70
토요일,2호선,내선,신도림,62
토요일,2호선,외선,신도림,66
토요일,2호선,내선,신도림,50
토요일,2호선,외선,신도림,60
토요일,2호선,내선,신도림,48
토요일,2호선,외선,신도림,57
토요일,2호선,내선,신도림,47
토요일,2호선,외선,신도림,63
토요일,2호선,내선,신도림,60
토요일,2호선,외선,신도림,114
토요일,2호선,내선,신도림,55
토요일,2호선,외선,신도림,108
토요일,2호선,내선,신도림,0
토요일,2호선,외선,신도림,0
일요일,2호선,내선,신도림,11
일요일,2호선,외선,신도림,17
일요일,2호선,내선,신도림,16
일요일,2호선,외선,신도림,19
일요일,2호선,내선,신도림,21
일요일,2호선,외선,신도림,21
일요일,2호선,내선,신도림,39
일요일,2호선,외선,신도림,33
일요일,2호선,내선,신도림,44
일요일,2호선,외선,신도림,46
일요일,2호선,내선,신도림,50
일요일,2호선,외선,신도림,47
일요일,2호선,내선,신도림,51
일요일,2호선,외선,신도림,53
일요일,2호선,내선,신도림,63
일요일,2호선,외선,신도림,52
일요일,2호선,내선,신도림,66
일요일,2호선,외선,신도림,55
일요일,2호선,내선,신도림,66
일요일,2호선,외선,신도림,54
일요일,2호선,내선,신도림,63
일요일,2호선,외선,신도림,52
일요일,2호선,내선,신도림,56
일요일,2호선,외선,신도림,66
일요일,2호선,내선,신도림,63
일요일,2호선,외선,신도림,62
일요일,2호선,내선,신도림,57
일요일,2호선,외선,신도림,58
일요일,2호선,내선,신도림,44
일요일,2호선,외선,신도림,50
일요일,2호선,내선,신도림,36
일요일,2호선,외선,신도림,47
일요일,2호선,내선,신도림,36
일요일,2호선,외선,신도림,52
일요일,2호선,내선,신도림,41
일요일,2호선,외선,신도림,49
일요일,2호선,내선,신도림,34
일요일,2호선,외선,신도림,75
일요일,2호선,내선,신도림,0
일요일,2호선,외선,신도림,0
